{
  "selection": {
    "best_model": "logreg",
    "best_params": {
      "clf__solver": "lbfgs",
      "clf__penalty": "l2",
      "clf__C": 0.01
    },
    "val_pr_auc": 0.4853031764831524,
    "threshold": {
      "thr": 0.7000000000000001,
      "fbeta": 0.48484848466556474,
      "precision": 0.5517241379286564,
      "recall": 0.4705882352923876
    }
  },
  "test_metrics": {
    "roc_auc": 0.8230248331051236,
    "average_precision": 0.5623969863782319
  }
}